{
    "Acc train": 0.9990698089896001,
    "Mean Square error": 5528974.641506236
}